prev_label,type,label,text
Z.U,exp,Z.P1,"Eine KI wäre rund um die Uhr erreichbar; in der Nacht oder am Wochenende, wenn auch nur in einer Notbesetzung mit medizinischem Hilfspersonal. Das ließe sich ohne KI sonst nur in großen Kliniken sicherstellen und wäre auf dem Land nicht möglich."
Z.P1,user,Z.K10,"Eine KI wäre zwar rund um die Uhr erreichbar, kann aber - im Gegensatz zu menschl. Ärzten - keine physische Hilfeleistung leisten. Beratend wäre sie, im akuten Notfall aber nicht nützlicher als ein Arzt, den man telefonisch erreichen könnte."
Z.K10,exp,Z.K10-1,"In unserem Szenario werden die Menschen in Untersuchungszentren durch medizinisches Personal krankheitsbedingt untersucht. Die Ergebnisse werden von der KI ausgewertet und anhand dessen Diagnosen und therapeutische Entscheidungen getroffen. Es ist davon auszugehen, dass das Vertrauen der Patient*innen mit steigender Leistung der KI sichtlich steigen wird, zumal besonders schwierige Fälle an Kompetenzzentren mit den besten Fachärzt*innen überwiesen werden."
Z.K10,exp,Z.P2,Die Anwendung einer KI ist standardisiert und reproduzierbar. Sie hängt nicht von den unterschiedlichen Fähigkeiten oder der Tagesform der behandelnden Ärzt*innen ab. Stattdessen liefert sie gleichbleibend gute Ergebnisse und ermüdet im Gegesatz zum menschlichen Gehirn nicht.
Z.K10-1,user,Z.K11,"Sollte die KI eine Fehlentscheidung treffen, wer haftet dann? Der Hersteller der KI, der Betreiber der Praxis, der Staat, ...?"
Z.K11,exp,Z.K11-1,"Bei Ärzt*innen besteht das gleiche Problem, dass Fehler nicht durch finanziellen Schadensersatz ausgeglichen werden können."
Z.K11,exp,Z.K3-1,"Schadensersatzforderungen sollten kein Grund sein eine fortschrittliche Technologie zu verhindern. Denoch könnte man den hohen Schadensersatzforderungen mittels sog. Haftungsfonds bzw. durch eine allgemeine Versicherungspflicht für die KI entgegenwirken, die von den Versicherern und Hersteller*innen gemeinsam zu finanzieren sind."
,user,Z.P1,"Ja, wenn die KI genügend ausgereift ist. Es gibt zu wenig gute Ärzte. Die Wartezeiten für freie Termine sind sehr lange."
Z.P1,exp,Z.K1,"KI in der Medizin führt dazu, dass Patient*innen alleine bleiben, weil sie keine menschliche Zuwendung bekommen. Persönlicher Kontakt mit Ärzt*innen und aufmunternder Zuspruch kann schon zu einer Verbesserung des Zustands beitragen."
Z.K1,user,Z.K2-4,"Das ist bei einigen Krankheiten sicher richtig und menschliche Zusprache ist sehr wichtig. Es gibt aber auch Fälle die anders gelagert sind. Zum Beispiel bei Rückenschmerzen, die Ursache finden."
Z.K2-4,exp,Z.K2,Eine KI kann die Lebensumstände der Patient*innen in die Untersuchung nicht mit einbeziehen. Die konkrete Fragestellung und die gesamte Krankheitssituation der Patient*innen sind jedoch für die Diagnostik und die passende Therapieentscheidung enorm wichtig.
Z.K2,user,FAQ.3,Warum kann die KI das nicht? Kann man Ihr das nicht antrainieren?
FAQ.3,exp,Z.K3,Bei Fehlentscheidungen der KI werden sehr hohe Schadensersatzforderungen entstehen und die Hersteller*innen könnten für diese Fehlentscheidungen der KI verantwortlich gemacht werden. Die Anreize für die Hersteller*innen eine KI zu entwickeln würden wegfallen.
Z.K3,user,Z.K3-1,"Man kann das Thema Haftung ja vielleicht so lösen, dass man es nur Menschen anbietet die das auf eigene Gefahr auch wollen. Man kann sich die Diagnose der KI ja geben lassen und dann selbst entscheiden, ob man das Ganze so macht, wie der Vorschlag war oder nicht."
Z.K3,user,FAQ.1,Könnte die KI auch Untersuchungen durchführen? z.B. Ultraschall oder Röntgenaufnahmen machen?
Z.K3-1,exp,Z.K5,"Bei der Diagnostik und Therapieentscheidung sind die Erklärungen der Ergebnisse wichtig, da letztlich die Patient*innen ihrer Therapie zustimmen müssen. Eine KI tut sich schwer eine auf das intellektuelle Niveau der Patient*innen angepasste Erklärung zu liefern."
NZ.U,exp,Z.K5,"Eine KI wird zwar ein Ergebnis am Ende geben. Dieses wird wahrscheinlich aber nicht so verständlich dargelegt, wie es ein echter Arzt könnte. Für Nachfragen ist sie voraussichtlich ebenso nicht gewappnet."
Z.U,exp,Z.K9,Durch die große Menge gesammelter Daten werden Kliniken interessanter für Cyberangriffe.
intro_4,user,Z.P5,"Vielleicht hat eine KI ja mehr Zeit für den Patienten als ein Arzt, was ein sehr großer Vorteil wäre, oder?"
,user,FAQ.G1,"Hallo, eine vergleichbare Zulassung wie Ärzte bedeutet dann, dass es Arztpraxen ohne Ärzte gibt?"
FAQ.G1,exp,FAQ.G1,"Hallo, in unserem Szenario gehen wir davon aus, dass KI in sog. Untersuchungszentren Ärzt*innen ersetzt, in dem die KI anstelle von Ärzt*innen Diagnosen stellt und Therapieentscheidungen trifft."
FAQ.G1,user,Z.K10,"Aber ich kann mir schwer vorstellen eine Diagnose von einem Computer mitgeteilt zu bekommen. Wenn ich ernsthaft krank bin, finde ich, dass es nötig ist, dass mir ein Arzt erklärt, was ich habe und wie ich wieder gesund werden kann."
Z.K10,exp,Z.P1,"Eine KI wäre rund um die Uhr erreichbar; in der Nacht oder am Wochenende, wenn auch nur in einer Notbesetzung mit medizinischem Hilfspersonal. Das ließe sich ohne KI sonst nur in großen Kliniken sicherstellen und wäre auf dem Land nicht möglich."
Z.P1,user,Z.K3,"Aber wenn diese KI mich falsch behandelt, wer übernimmt dafür die Verantwortung?"
Z.K3,exp,Z.K3-2,"Fehlerfreie Entscheidungen sind in der Medizin unmöglich. Es geht immer nur darum, möglichst gut zu sein. Wenn, wie in unserem Szenario, eine KI mindestens die gleiche Leistungsfähigkeit wie Fachärzt*innen aufweist, sollte kein Schadenersatz in den Fällen, wo sie Fehler macht, gezahlt werden, da menschliche Ärzt*innen für Fehldiagnosen auch keinen Schadenersatz zahlen müssen außer bei grober Fahrlässigkeit. Wenn allerdings die Rechtsprechung hohen Schadenersatz bei jedem Fehler der KI verlangen würde, würde die KI nicht einsetzbar sein - zum Schaden der Patienten, denen eine bessere Diagnostik vorenthalten wird."
Z.K3,exp,Z.P2,Die Anwendung einer KI ist standardisiert und reproduzierbar. Sie hängt nicht von den unterschiedlichen Fähigkeiten oder der Tagesform der behandelnden Ärzt*innen ab. Stattdessen liefert sie gleichbleibend gute Ergebnisse und ermüdet im Gegesatz zum menschlichen Gehirn nicht.
Z.K3-2,user,Z.K3-2,"Im Prinzip irren Ärzte sich ja genauso immer wieder oder man bekommt schlechte Diagnosen, weil die Zeit einfach fehlt. Hier wäre das dann hoffentlich so, dass durch den Einsatz von künstlicher Intelligenz die Behandlung der Patienten verbessert wird und nicht die Kosten einfach eingespart werden und sich gar nichts ändert..."
Z.K3-2,exp,Z.P5,"Der Einsatz von KI ist unter mehreren Gesichtspunkten kostengünstiger. Es können unter anderem Personalkosten eingespart werden, wenn die KI Arbeiten von Ärzt*innen übernehmen kann. Durch die vielseitigen Vorteile des Einsatzes von KI könnte eine qualitätsgesicherte Patientenversorgung bei zugleich hoher Wirtschaftlichkeit erreicht werden."
Z.K3-2,exp,Z.K1,"KI in der Medizin führt dazu, dass Patient*innen alleine bleiben, weil sie keine menschliche Zuwendung bekommen. Persönlicher Kontakt mit Ärzt*innen und aufmunternder Zuspruch kann schon zu einer Verbesserung des Zustands beitragen."
Z.P5,user,Z.K7,"Die emotionale Komponente bei einem Arzt ist nicht zu vernachlässigen. Von einem auftreten hängt stark ab, ob ich vertraue und dadurch auch zutraue mir zu helfen. Vor allem Krankheiten, die auf Stress beruhen können allein durch ""gut zureden"" besser werden. Das kann ich mir nicht vorstellen, dass eine KI das kann."
Z.P5,user,Z.K10,"Außerdem wäre es doch auch in der Anfangszeit für alte Menschen problematisch oder? Ich glaube nicht, dass meine Oma sich von einem Computer behandeln lassen wollen würde."
Z.K7,exp,Z.K2,Eine KI kann die Lebensumstände der Patient*innen in die Untersuchung nicht mit einbeziehen. Die konkrete Fragestellung und die gesamte Krankheitssituation der Patient*innen sind jedoch für die Diagnostik und die passende Therapieentscheidung enorm wichtig.
Z.K2,user,NZ.K10,"Also für mich hört sich das so an, als gäbe es zu viele Probleme, in dem Fall denke ich, dass dieses System keine Zulassung bekommen sollte. Es könnte ja unterstützend fungieren. Oder hast du noch Argumente, warum das doch so sein sollte?"
NZ.K10,exp,Z.K10,"Patient*innen haben kein Vertrauen in die KI, da diese unpersönlich ist. Insbesondere ältere Patient*innen neigen zu Skepsis gegenüber technischen Geräten."
NZ.K10,exp,Z.K10-1,"In unserem Szenario werden die Menschen in Untersuchungszentren durch medizinisches Personal krankheitsbedingt untersucht. Die Ergebnisse werden von der KI ausgewertet und anhand dessen Diagnosen und therapeutische Entscheidungen getroffen. Es ist davon auszugehen, dass das Vertrauen der Patient*innen mit steigender Leistung der KI sichtlich steigen wird, zumal besonders schwierige Fälle an Kompetenzzentren mit den besten Fachärzt*innen überwiesen werden."
Z.K10-1,user,FAQ.G1,"Wer entscheidet denn dann, was ein schwieriger Fall ist?"
FAQ.G1,exp,FAQ.G1,"Als schwierig würden wohl Fälle eingeteilt werden, die ausnahmsweise nicht nur durch KI entschieden werden können. Für die KI spricht außerdem, dass Patient*innen ein Recht auf die neuesten evidenzbasierten Empfehlungen hinsichtlich ihrer Therapie haben. Eine KI ist, im Gegensatz zu Ärzt*innen, die sich mühsam weiterbilden müssen, immer auf dem aktuellen Stand der Forschung. Dadurch können neue Behandlungsmethoden schneller eröffnet werden als im konventionelle Medizinbetrieb."
FAQ.G1,user,Z.K13,"Wenn ich darüber nachdenke, woher solche System kommen sollten, dann fallen mir da eigentlich nur die großen Internetfirmen wie Google oder Apple ein. Und dann wäre das schon sehr problematisch, wenn unsere Gesundheitswesen Schritt für Schritt in die Hände von großen Konzernen wandert. Damit würden ja auch alle Patientenakten bei den entwicklern des Systems landen oder?"
nz_trans_2,user,Z.K13,"Aus ethischer Sicht sollten große Firmen vermutlich nicht die Macht über die Gesundheit der Bevölkerung haben oder? Die Daten können ja dann wieder verwendet werden, um gewinn zu machen. Allein die Metadaten würden ja schon wieder ausreichen. Wenn jemand weiß, dass du in der letzten Woche drei mal beim Arzt warst, dann bist du vermutlich gerade in einer emotionalen Situation."
Z.K13,exp,Z.K13-1,"Es ist zwar davon auszugehen, dass die Daten anonymisiert gesammelt werden, allerdings verstehe ich deine Bedenken, dass auch diese z.B. weiterverkauft werden könnten. Dies müsste unterbunden werden."
,user,NZ.K10,Ärzte haben viel mehr Ahnung und einen fundierteren Hintergrund um Entscheidungen treffen zu können. Eigentlich gibt es die besten Entscheidungen wenn Künstliche Intelligenz die beratende Funktion einnimmt und der Mensch mit diesen helfenden Informationen die Entscheidung trifft
NZ.K10,exp,Z.P2,Die Anwendung einer KI ist standardisiert und reproduzierbar. Sie hängt nicht von den unterschiedlichen Fähigkeiten oder der Tagesform der behandelnden Ärzt*innen ab. Stattdessen liefert sie gleichbleibend gute Ergebnisse und ermüdet im Gegesatz zum menschlichen Gehirn nicht.
nz_trans_1,user,FAQ.2,"Okay, also bin ich der Meinung dass eine KI niemals so gute Ergebnisse liefern kann wie ein Mensch. Aber in unserem Szenario gehen wir jetzt davon aus dass es möglich wäre?"
FAQ.2,exp,Z.P1,"Eine KI wäre rund um die Uhr erreichbar; in der Nacht oder am Wochenende, wenn auch nur in einer Notbesetzung mit medizinischem Hilfspersonal. Das ließe sich ohne KI sonst nur in großen Kliniken sicherstellen und wäre auf dem Land nicht möglich."
Z.P1,user,FAQ.1,Aber kann eine KI ohne menschliche Hilfe arbeiten? In gewisser Weise sind doch immer Menschen nötig die der Person helfen. Zum Beispiel bei Atemnotstand muss jemand die Wiederbelebungsmassnahmen einleiten und diese durchführen. Diese Person muss dazu ausgebildet sein
FAQ.1,exp,Z.P5,"Ja, Notärzte und ähnliches Personal wird es weiterhin geben. In unserem Szenario ist hauptsächlich der typische Arztbesuch aufgrund nicht dringender Symptome und die anschließende Diagnose erfasst. Ein Argument für den Einsatz der KI: Der Einsatz von KI ist unter mehreren Gesichtspunkten kostengünstiger. Es können unter anderem Personalkosten eingespart werden, wenn die KI Arbeiten von Ärzt*innen übernehmen kann. Durch die vielseitigen Vorteile des Einsatzes von KI könnte eine qualitätsgesicherte Patientenversorgung bei zugleich hoher Wirtschaftlichkeit erreicht werden."
Z.P5,user,Z.GK3,Das Problem ist eine KI wird nur leider auch auf Wirtschaftlichkeit trainiert werden. Das ist natürlich sinnvoll um möglichst kostengünstige Entscheidungen zu treffen. Aber kann eine KI dann im Zweifelsfall auch für das Wohl des Menschen entscheiden? Wenn eine kostengünstige Therapie nicht unbedingt die beste wäre?
Z.GK3,exp,Z.P3,"Patient*innen haben ein Recht auf die neuesten evidenzbasierten Empfehlungen hinsichtlich ihrer Therapie. Eine KI ist, im Gegensatz zu Ärzt*innen, die sich mühsam weiterbilden müssen, immer auf dem aktuellen Stand der Forschung. Dadurch können neue Behandlungsmethoden schneller eröffnet werden als im konventionelle Medizinbetrieb."
,user,NZ.K10,Ich bin dafür dass KI im Gesundheitssystem genutzt wird. Jedoch nur als beratende Funktion und darf für Ideen Tipps und Informationen genutzt werden. Die wirklichen Entscheidungen in Diagnostik und Therapie soll ein Mensch treffen
NZ.K10,exp,Z.P1,"Eine KI wäre rund um die Uhr erreichbar; in der Nacht oder am Wochenende, wenn auch nur in einer Notbesetzung mit medizinischem Hilfspersonal. Das ließe sich ohne KI sonst nur in großen Kliniken sicherstellen und wäre auf dem Land nicht möglich."
Z.U,exp,Z.P2,Die Anwendung einer KI ist standardisiert und reproduzierbar. Sie hängt nicht von den unterschiedlichen Fähigkeiten oder der Tagesform der behandelnden Ärzt*innen ab. Stattdessen liefert sie gleichbleibend gute Ergebnisse und ermüdet im Gegesatz zum menschlichen Gehirn nicht.
Z.P2,user,FAQ.2,Aber sie kann keinen Spezialist ersetzen der perfekt ausgebildet ist auf seinem Gebiet.
FAQ.2,exp,Z.P3,"Patient*innen haben ein Recht auf die neuesten evidenzbasierten Empfehlungen hinsichtlich ihrer Therapie. Eine KI ist, im Gegensatz zu Ärzt*innen, die sich mühsam weiterbilden müssen, immer auf dem aktuellen Stand der Forschung. Dadurch können neue Behandlungsmethoden schneller eröffnet werden als im konventionelle Medizinbetrieb."
Z.P3,user,NZ.K10,Ja deshalb soll eine KI auch eingesetzt werden um Ärzten als beratende Hilfe zur Seite zu stehen.
Z.P3,user,Z.K2,Eine Entscheidung sollte angepasst an das Individuum sein und nicht an Statistiken. Wenn eine KI alleine Entscheidungen trifft bezieht sich diese nur auf die Vergangenheit
nz_trans_1,user,FAQ.G1,Aber wie soll das funktionieren?
Z.P2-1,user,Z.P2,Aber diese Ermpdungserscheinung haben auch Ärzte die nach einer 24h Schicht im Krankemhaus noch wichtige Entscheidungen treffen müssen
Z.P2,exp,Z.P2,"Die Effizienz der KI folgt gerade daraus, dass eine KI das was sie einmal gelernt hat niemals vergisst und anders als Ärzt*innen nicht auf Arbeitszeiten beschränkt, sondern 24/7 einsatzfähig ist."
,user,Z.P2,"Ich glaube eine KI ist über den Tag hin leistungsfähiger und macht weniger Fehler aufgrund von Überlastung oder Erschöpfung. Für diagnostische Zwecke halte ich es für sinnvoll und würde den Ärzten viel Zeit sparen, die sie für die Behandlung der Patienten nutzen können"
Z.P2,exp,Z.K2,Eine KI kann die Lebensumstände der Patient*innen in die Untersuchung nicht mit einbeziehen. Die konkrete Fragestellung und die gesamte Krankheitssituation der Patient*innen sind jedoch für die Diagnostik und die passende Therapieentscheidung enorm wichtig.
Z.K2,user,FAQ.1,"Könnte man der KI die Lebensumstände nicht beibringen? Sie könnte auf bestimmte Merkmale reagieren, z.B. Hygiene"
FAQ.1,exp,Z.K10,"Patient*innen haben kein Vertrauen in die KI, da diese unpersönlich ist. Insbesondere ältere Patient*innen neigen zu Skepsis gegenüber technischen Geräten."
Z.K10,user,Z.K10-2,"Allerdings steigt auch die Skepsis gegenüber Ärzten und Krankenhäuser, da vermehrt gespart wird, Ärzte zunehmend überlastet sind und aus dem Ausland kommen, was bei älteren Leuten auch zu Skepsis führt. Vielleicht sehen ältere Leute es dann auch positiv, dass sich was verändert."
Z.K10-2,exp,Z.K3,Bei Fehlentscheidungen der KI werden sehr hohe Schadensersatzforderungen entstehen und die Hersteller*innen könnten für diese Fehlentscheidungen der KI verantwortlich gemacht werden. Die Anreize für die Hersteller*innen eine KI zu entwickeln würden wegfallen.
NZ.U,exp,Z.K5,"Bei der Diagnostik und Therapieentscheidung sind die Erklärungen der Ergebnisse wichtig, da letztlich die Patient*innen ihrer Therapie zustimmen müssen. Eine KI tut sich schwer eine auf das intellektuelle Niveau der Patient*innen angepasste Erklärung zu liefern."
NZ.U,exp,Z.K9,Durch die große Menge gesammelter Daten werden Kliniken interessanter für Cyberangriffe.
Z.K9,user,Z.P7,Das sehe ich als einen der größten Nachteile einer KI. Allerdings ist die aktuelle analoge Situation in Krankenhäuser auch nicht ideal. Momentan muss alles noch händisch erfasst werden wodurch es auch zu vielen Fehlern kommen kann und was einen enormen Aufwand für das Personal darstellt.
Z.P7,exp,Z.K14,Ärztliche Diagnosen werden in Zeiten des digitalen Wandels überflüssig und das Berufsbild von Ärzt*innen allgemein könnte dadurch als nicht zukunftssicher gelten.
Z.K14,user,NZ.K10,Ärzte werden notwendig sein um die Diagnosen und Behandlungen zu überwachen.
Z.K14,user,Z.K6,"Auch sehe ich nicht, dass KIs Operationen und andere Behandlungen durchführen können"
NZ.U,user,Z.K9,Eine behandelnde KI sehe ich kritischer aufgrund von Cyberangriffen während des Eingriffes oder Versicherungsaspekten.
NZ.U,user,Z.K14-1,"Das Berufsbild des Arztes sehe ich nicht gefährdet, da er wichtig für die direkte Kommunikation mit dem Patienten ist und die Behandlungen"
,user,NZ.K10,"Ich denke eine KI kann einen Arzt nicht komplett ersetzen, allerdings in der Entscheidungsfindung unterstützen."
,user,Z.P6,"Die KI kann u.U. auf ein größeres Wissen zugreifen, und die Wahrscheinlichkeiten verschiedener Krankheiten besser einschätzen."
,user,Z.K7,"Allerdings mangelt es ihr an Empathie, was für viele Patienten wichtig ist. Sie wollen von einem Menschen verstanden und ernstgenommen werden."
Z.K7,exp,Z.P6,"Für die KI spricht, dass sie angeben kann, mit welcher Wahrscheinlichkeit sie von dem Vorliegen der diagnostizierten Krankheit ausgeht."
Z.K7,exp,Z.P6-1,"Die meisten Patienten können Wahrscheinlichkeitsangabe nicht korrekt interpretieren, deswegen kann deren Angabe auch kontraproduktiv sein. Wahrscheinlichkeiten sollten nur auf explizite Nachfrage des Patienten angegeben werden."
NZ.U,exp,Z.K7,"Patient*innen sind bei schwerwiegenden medizinischen Entscheidungen keine rationalen Entscheider. Die Berücksichtigung ihrer Gefühlslage, bis hin zur Verzweiflung, ist essentiell. Hier stößt eine KI an ihre Grenzen, da ihr das Einfühlungsvermögen gänzlich fehlt."
NZ.U,exp,Z.P1,"Allerdings wäre eine KI rund um die Uhr erreichbar; in der Nacht oder am Wochenende, wenn auch nur in einer Notbesetzung mit medizinischem Hilfspersonal. Das ließe sich ohne KI sonst nur in großen Kliniken sicherstellen und wäre auf dem Land nicht möglich."
NZ.U,exp,Z.P3,"Das ist leider nicht das Thema unserer Diskussion. Fallen dir noch weitere Argumente für oder gegen den Einsatz von KI ein? Patient*innen haben ein Recht auf die neuesten evidenzbasierten Empfehlungen hinsichtlich ihrer Therapie. Eine KI ist, im Gegensatz zu Ärzt*innen, die sich mühsam weiterbilden müssen, immer auf dem aktuellen Stand der Forschung. Dadurch können neue Behandlungsmethoden schneller eröffnet werden als im konventionelle Medizinbetrieb. Denkst du, dass man Menschen die KI dann unter diesem Gesichtspunkt überhaupt vorenthalten darf?"
Z.P3,user,NZ.K10,"Wenn die KI über ein solch breites Wissen verfügt, sollte sie in Zukunft stets zur Diagnosefindung berücksichtigt werden. Allerdings sollte die Entscheidungshoheit beim behandelnden Arzt liegen. Dies vermittelt zusätzliches Vertrauen."
Z.K10-1,user,FAQ.G1,Und wird die von der KI getroffene Entscheidung von einem Arzt validiert?
FAQ.G1,exp,Z.K12,"Nur in besonders schwierigen Fällen werden Fälle an Kompetenzzentren mit den besten Fachärzt*innen überwiesen. Es ist davon auszugehen, dass Fehler der KI von den Patient*innen weniger akzeptiert werden als Fehler von Ärzt*innen, da aufgrund der Erfolgsquote der KI mit einer ganz anderen Erwartungshaltung zur Untersuchung gegangen wird."
Z.K12,user,Z.K3,"Und wer trägt die Verantwortung für die KI bei falsch getroffenen Diagnosen, die im schlimmsten Fall tödlich enden?"
NZ.U,exp,Z.P1,Vielen Dank für das Gespräch!
Z.P2,user,Z.K15,"Aber wie kann sichergestellt werden, dass die KI keine Fehler macht?"
Z.K15,exp,Z.K15-1,"Fehler sind bei einer KI deshalb deutlich unwahrscheinlicher, da eine KI bei jedem Update ausführlich und automatich getestet werden können. Vergleichbare Prüfungen für Ärzte gibt es nicht."
Z.K15,exp,Z.K1,"KI in der Medizin führt dazu, dass Patient*innen alleine bleiben, weil sie keine menschliche Zuwendung bekommen. Persönlicher Kontakt mit Ärzt*innen und aufmunternder Zuspruch kann schon zu einer Verbesserung des Zustands beitragen."
Z.K1,user,NZ.K10,Das würde eher dafür sprechen dass Ärzte nicht komplett durch eine KI ersetzt werden sollten sondern diese vor allem als Analysetool unterstüzend nutzen sollten.
Z.K1,user,FAQ.1,Mich würde noch interessieren woher die KI ihre Informationen bezieht?
Z.K8,exp,Z.K2,Eine KI kann die Lebensumstände der Patient*innen in die Untersuchung nicht mit einbeziehen. Die konkrete Fragestellung und die gesamte Krankheitssituation der Patient*innen sind jedoch für die Diagnostik und die passende Therapieentscheidung enorm wichtig.
Z.K2,user,Z.K2,Wie kann die KI dann eine passende Behandlung gewährleisten wenn die Lebensumstände nicht einbezogen werden können?
Z.K2,exp,Z.P1,"Eine KI wäre rund um die Uhr erreichbar; in der Nacht oder am Wochenende, wenn auch nur in einer Notbesetzung mit medizinischem Hilfspersonal. Das ließe sich ohne KI sonst nur in großen Kliniken sicherstellen und wäre auf dem Land nicht möglich."
Z.P1,user,Z.K2,Somit wird allerdings keine individuelle Behandlung gewährleistet was trotzdem immer auch ein wichtiger Faktor sein kann.
Z.P1,user,Z.P2,Die Vorteile der KI gegenüber dem Menschen was Leistungsfähigkeit angeht verstehe ich.
Z.P1,user,Z.K1,Kann eine KI auch den Placeboeffekt verstehen und anwenden?
Z.K2,exp,Z.K1-1,"Weist die KI eine hervorragende Erfolgsquote auf, könnte das Vertrauen darin, die bestmögliche Behandlung zu bekommen, ebenfalls für einen psychische Stärkung sorgen. Ferner ist die KI in unserem Szenario ein zertifizierter Web-Service, der mit Patient*innen in natürlicher Sprache kommunizieren kann. Ihre medizinischen Daten erlangt die KI durch Untersuchungszentren, in denen medizinisches Fachpersonal die Patient*innen krankheitsbedingt untersucht, wodurch persönlicher Kontakt hergestellt wird."
Z.K2,exp,Z.K3,Bei Fehlentscheidungen der KI werden sehr hohe Schadensersatzforderungen entstehen und die Hersteller*innen könnten für diese Fehlentscheidungen der KI verantwortlich gemacht werden. Die Anreize für die Hersteller*innen eine KI zu entwickeln würden wegfallen.
Z.K1-1,user,Z.K9,Kann die KI anfällig für Cyberangriffe sein?
Z.K9,exp,Z.K9,Durch die große Menge gesammelter Daten werden Kliniken interessanter für Cyberangriffe.
Z.K9,exp,Z.K9-1,"Mit der zunehmenden Digitalisierung, etwa mit Einführung der digitalen Patient*innenakte, müssen sich Kliniken ohnehin stärker gegen Cyberangriffe schützen. Die fertigen Systeme laufen im geschützten Bereich der Klinik und unterliegen dem gleichen Schutz wie Patient*innendaten."
Z.U,exp,Z.P3,"Patient*innen haben ein Recht auf die neuesten evidenzbasierten Empfehlungen hinsichtlich ihrer Therapie. Eine KI ist, im Gegensatz zu Ärzt*innen, die sich mühsam weiterbilden müssen, immer auf dem aktuellen Stand der Forschung. Dadurch können neue Behandlungsmethoden schneller eröffnet werden als im konventionelle Medizinbetrieb."
Z.P3,user,Z.GP2,Die Vorteile der KI im diagnostischem Aspekt sind für mich überzeugend.
Z.P3,user,NZ.K10,Ich finde trotzdem sie Ärzt*innen nicht komplett ersetzen sollte
Z.GP2,exp,Z.K14,Ärztliche Diagnosen werden in Zeiten des digitalen Wandels überflüssig und das Berufsbild von Ärzt*innen allgemein könnte dadurch als nicht zukunftssicher gelten.
Z.K14,user,Z.K14-1,Ich glaube nicht dass der Beruf des Arztes bald ersetzt wird und das Berufsbild dadurch unsicher wird
Z.K14-1,exp,Z.P4,"In vielen medizinischen Bereichen übersteigt die Nachfrage an Fachpersonal das Angebot, da ärztliche Leistungen immer mehr in Anspruch genommen werden. Gerade durch das Altern der sogenannten Babyboomer, sprich Menschen der geburtenstarken Jahrgänge von 1955 bis 1969, wird es zu einem vorübergehend ansteigenden Versorgungsbedarf kommen. Die KI kann für Abhilfe sorgen und mithilfe ihres Einsatzes auch dem demografischen Wandel in ländlichen Regionen begegnen. Dieser zeigt sich unter anderem ebenfalls im Mangel von Ärzt*innen in diesen Gebieten."
,user,Z.K7,"Hallo Wall-E, ich bin gegen dieses Szenario. Meiner Ansicht nach ist die Empathie, die ein Arzt seinen Patienten entgegenbringt, sowohl im Anamnesegespräch als auch im weiteren verlauf während der Behandlung, ein zu wichtiger Teil des Gelingens, als dass es durch einen unfehlbaren Roboter ersetzt werden könnte. Ein Mensch kann zwar Fehler machen, aber erhält im Gegenzug für sein Einfühlungsvermögen das Vertrauen des Patienten, was über alle Fachbereiche hinweg unabdingbar für den Heilungserfolg ist."
Z.K7,exp,Z.K10-1,"In unserem Szenario werden die Menschen in Untersuchungszentren durch medizinisches Personal krankheitsbedingt untersucht. Die Ergebnisse werden von der KI ausgewertet und anhand dessen Diagnosen und therapeutische Entscheidungen getroffen. Es ist davon auszugehen, dass das Vertrauen der Patient*innen mit steigender Leistung der KI sichtlich steigen wird, zumal besonders schwierige Fälle an Kompetenzzentren mit den besten Fachärzt*innen überwiesen werden."
Z.K7,exp,Z.P3,"Patient*innen haben ein Recht auf die neuesten evidenzbasierten Empfehlungen hinsichtlich ihrer Therapie. Eine KI ist, im Gegensatz zu Ärzt*innen, die sich mühsam weiterbilden müssen, immer auf dem aktuellen Stand der Forschung. Dadurch können neue Behandlungsmethoden schneller eröffnet werden als im konventionelle Medizinbetrieb."
Z.U,exp,Z.P5,"Der Einsatz von KI ist unter mehreren Gesichtspunkten kostengünstiger. Es können unter anderem Personalkosten eingespart werden, wenn die KI Arbeiten von Ärzt*innen übernehmen kann. Durch die vielseitigen Vorteile des Einsatzes von KI könnte eine qualitätsgesicherte Patientenversorgung bei zugleich hoher Wirtschaftlichkeit erreicht werden."
Z.P5,user,Z.K16,"Dein Argument zur Kostenersparnis erscheint mir einleuchtend. Bringt mich aber zu einem anderen Punkt. Wenn die KI die Arbeit von Ärzten übernimmt und Ärzte aber dennoch über die KI Wachen sollen, wie im Szenario beschrieben, wie wird die Ausbildung dieser Ärzte sicher gestellt? Das herausragende an einem menschlichen Arzt ist sein Erfahrungsschatz, in vielen Situationen sogar wichtiger als der Wissensschatz. Doch dieser wird durch die tägliche Interaktion mit Patienten und gemeinsame Entscheidungsfindung gebildet. Wenn es diese Form des ""Erfahrungen Sammeln"" nicht mehr gibt, stellt sich dir Frage was für Ärzte das dann wären und ob sie, wenn eine KI ausfällt die richtigen Entscheidungen treffen könnten. Eine funktionierende Kontrollinstanz ist aber unabdingbar. Meines Erachtens sollte man sich nicht vollumfänglich auf Computer zu verlassen, man denke nur an einen Stromausfall."
Z.K16,exp,Z.K14-1,"Medizinisches Personal zur korrekten Erhebung der Patientendaten ist weiterhin notwendig. Zudem sind Spitzenärzt*innen für die Problemfälle und die Weiterentwicklung der KI notwendig, ebenso für die Notfallbehandlung. In der Masse wird es aber viel weniger Ärzt*innen geben als bisher."
Z.K16,exp,Z.K3,Bei Fehlentscheidungen der KI werden sehr hohe Schadensersatzforderungen entstehen und die Hersteller*innen könnten für diese Fehlentscheidungen der KI verantwortlich gemacht werden. Die Anreize für die Hersteller*innen eine KI zu entwickeln würden wegfallen.
NZ.U,exp,FAQ.4-1,"Dieser Chatbot beleuchtet sowohl die Seite, die eine KI für zielführend und notwendig hält, auch als die andere Seite, die dem Einsatz einer KI kritisch gegenüber steht."
Z.K9,user,Z.K15,"Das Argument über Schadensersatzfälle bringt mich auf einen anderen Gedanken, der weiterhin gegen den Einsatz von KIs spricht: Wie in dieser Aussage angenommen, sind auch KIs nicht unfehlbar und können Fehler machen. Die Medizin ist in sich keine unfehlbare Wissenschaft: Eine Symptomkostellation kann auf eine sehr häufige Erkrankung hindeuten, oder aber in einem seltenen Fall auch etwas ganz anderes bedeuten. Sowohl Mensch (Arzt) als auch KI müssen sich zunächst entscheiden, welcher Weg weitergegangen wird. Während der Mensch sich aber seiner Fehlbarkeit bewusst ist und diese im Hinterkopf behalten kann, um bei Unstimmigkeiten im weiteren Verlauf auch zurückzurudern, glaube ich nicht, dass eine KI diese Fähigkeit besitzt."
Z.K9,user,Z.K9,"Zu dem Argument über Cyberangriffe: Dies scheint mir ein sehr beängstigendes Szenario zu sein, dem ich nur zustimme kann. Man stelle sich nur vor, dass ein Patient aufgrund einer Fehlfunktion der KI (zum Beispiel durch eine Cyberattacke) unnötige Maßnahmen oder sogar gesundheitsbedrohende Maßnahmen erhält, wie zum Beispiel mehrere unnötige CTs und die dazugehörige Strahlenbelastung oder gar eine Operation. Dem Argument habe ich nichts entgegenzusetzen. Dagegen halten könnte man, indem man feststellt, dass unnötige CTs und falsche OP-Indikationen auch mit menschlichen Ärzten vorkommen. Jedoch ist eine Cyberattacke, die in großem Maße zu einer solchen Fehlfunktion führen würde in meinen Augen ein wesentlich gravierenderer Vorfall."
Z.K9,exp,Z.K11-1,"Bei Ärzt*innen besteht das gleiche Problem, dass Fehler nicht durch finanziellen Schadensersatz ausgeglichen werden können."
Z.K9,exp,Z.K3-2,"Fehlerfreie Entscheidungen sind in der Medizin unmöglich. Es geht immer nur darum, möglichst gut zu sein. Wenn, wie in unserem Szenario, eine KI mindestens die gleiche Leistungsfähigkeit wie Fachärzt*innen aufweist, sollte kein Schadenersatz in den Fällen, wo sie Fehler macht, gezahlt werden, da menschliche Ärzt*innen für Fehldiagnosen auch keinen Schadenersatz zahlen müssen außer bei grober Fahrlässigkeit. Wenn allerdings die Rechtsprechung hohen Schadenersatz bei jedem Fehler der KI verlangen würde, würde die KI nicht einsetzbar sein - zum Schaden der Patienten, denen eine bessere Diagnostik vorenthalten wird."
,user,NZ.K10,"Ich denke, dass eine KI eher unterstützend wirken sollte."
,user,Z.K7,"Der menschliche Kontakt zwischen Arzt und Patienten, welcher ebenfalls viel zu Heilungsprozessen beitragen kann, kann von einer Maschine nicht genauso nachempfunden werden, wie es bei Menschen der Fall ist."
Z.K7,exp,Z.P1,"Eine KI wäre rund um die Uhr erreichbar; in der Nacht oder am Wochenende, wenn auch nur in einer Notbesetzung mit medizinischem Hilfspersonal. Das ließe sich ohne KI sonst nur in großen Kliniken sicherstellen und wäre auf dem Land nicht möglich."
Z.K10-1,user,FAQ.1,"Das bedeutet, für den menschlichen Kontakt steht Personal zur Verfügung, aber die relevanten Entscheidungen werden vorrangig von KI getroffen, richtig?"
Z.K10-1,user,Z.K3,"Hier stellt sich die Frage, wer haftet, wenn die Entschidungen der KI die gesundheitliche Problematik des Patienten weiter verstärken. Die Informatiker?"
Z.K10-1,user,Z.P1,Das mit der Erreichbarkeit rund um die Uhr ist natürlich ein gutes Argument. Eine KI würde tatsächlich sehr viel Entlastung in den Schichtbetrieb bringen.
Z.P1,exp,Z.K3,Bei Fehlentscheidungen der KI werden sehr hohe Schadensersatzforderungen entstehen und die Hersteller*innen könnten für diese Fehlentscheidungen der KI verantwortlich gemacht werden. Die Anreize für die Hersteller*innen eine KI zu entwickeln würden wegfallen.
Z.P1,exp,Z.K3-1,"Schadensersatzforderungen sollten kein Grund sein eine fortschrittliche Technologie zu verhindern. Denoch könnte man den hohen Schadensersatzforderungen mittels sog. Haftungsfonds bzw. durch eine allgemeine Versicherungspflicht für die KI entgegenwirken, die von den Versicherern und Hersteller*innen gemeinsam zu finanzieren sind."
Z.K3-1,user,NZ.K10,"Das Problem würde auch umgangen werden, wenn die Eintscheidungen, die die KI fällt, in jedem Fall von einem Arzt abgesegnet werden muss. Dann haftet der Arzt. Die KI wirkt mehr als Entscheidungshilfe statt die Entscheidungen zu fällen."
Z.K3-1,user,Z.K15,"KI trifft Entscheidungen ja aus einer Datenlage heraus. Angenommen, ein Patient hat Symptome, die sehr häufig bei einer bestimmten Krankheit auftreten, aber er hat diese Krankheit nicht, dann wird die KI mit hoher Wahrscheinlichkeit diese Krankheit behandeln anstatt weiter nach Ursachen für die Symptomatik zu suchen, oder nicht? Kann es sein, dass dann einige Patienten zu schnell eingeordnet werden und so Krankheiten nicht richtig erkannt werden?"
Z.K15,exp,Z.K3-2,"Fehlerfreie Entscheidungen sind in der Medizin unmöglich. Es geht immer nur darum, möglichst gut zu sein. Wenn, wie in unserem Szenario, eine KI mindestens die gleiche Leistungsfähigkeit wie Fachärzt*innen aufweist, sollte kein Schadenersatz in den Fällen, wo sie Fehler macht, gezahlt werden, da menschliche Ärzt*innen für Fehldiagnosen auch keinen Schadenersatz zahlen müssen außer bei grober Fahrlässigkeit. Wenn allerdings die Rechtsprechung hohen Schadenersatz bei jedem Fehler der KI verlangen würde, würde die KI nicht einsetzbar sein - zum Schaden der Patienten, denen eine bessere Diagnostik vorenthalten wird."
Z.K3-2,user,Z.K3-1-1-1,"Dass sich eine KI nicht lohnt, wenn das Risiko besteht, viele Strafzahlungen leisten zu müssen, ist klar. Wenn die Leistung der KI, wie in diesem Szenario, i.A. tatsächlich genauso gut ist, wie die eines Arztes, sollten auch die gleichen Maßstäbe angelegt werden. Aber ich halte dennoch es für schwierig, der KI die gleichen Kompetenzen zu ermöglichen."
Z.K3-2,user,Z.K7,"Wenn Maschinen über menschliche Gesundheit entscheiden, können gewisse andere Umstände schlechter abgewogen werden. Eine Maschine könnte z.b. nicht verstehen, warum ein Mensch eine Behandlung ablehnt, obwohl sie rational gesehen, die richtige Behandlung wäre. Dementsprechend könnte bei Beratungsgesprächen weniger gut auf die ""irrationalen"" Gründe für bzw. gegen eine Therapie eingegangen werden."
Z.K7,exp,Z.K10,"Patient*innen haben kein Vertrauen in die KI, da diese unpersönlich ist. Insbesondere ältere Patient*innen neigen zu Skepsis gegenüber technischen Geräten."
Z.K10,user,Z.K10-2,"Kommt wahrscheinlich auch auf die KI an. Das Vertrauensproblem kann ich gut nachvollziehen. Allerdings wird sicherlich immer mehr Vertrauen bei Menschen entstehen, wenn KI eine Weile im Einsatz ist und auffällt, dass die Entscheidungen/Vorschläge der KI hilfreich waren."
Z.K10,user,NZ.K10,"Neue Technologie abzulehnen und nicht umzusetzen nur weil sie nicht vertraut ist, ist kein gutes Argument. So könnte man nie neue Dinge umsetzen. Diese Angst vor Neuem lässt sich jedoch auch durch einen nur unterstützenden Einsatz der KI beheben, da so ebenfalls ein Arzt zur Stelle ist, der die Entscheidungen der KI nochmal überdenken kann und so dem Patienten ein Gefühl der Sicherheit gibt."
NZ.K10,exp,Z.P3,"Patient*innen haben ein Recht auf die neuesten evidenzbasierten Empfehlungen hinsichtlich ihrer Therapie. Eine KI ist, im Gegensatz zu Ärzt*innen, die sich mühsam weiterbilden müssen, immer auf dem aktuellen Stand der Forschung. Dadurch können neue Behandlungsmethoden schneller eröffnet werden als im konventionelle Medizinbetrieb."
Z.P3,user,Z.K10,"Diese schnellen Entscheidungen wirken allerdings evtl. auf Menschen undurchdacht, wodurch das Vertrauen in KI sinken könnte. Dass eine Maschine in kürzester Zeit auf eine guten Ansatz kommen kann, ist wahrscheinlich für einige Menschen schwer nachzuvollziehen."
Z.K10,exp,Z.P6,"Für die KI spricht, dass sie angeben kann, mit welcher Wahrscheinlichkeit sie von dem Vorliegen der diagnostizierten Krankheit ausgeht."
Z.K10-1,user,Z.K5,"Du hast wirklich gute Argumente, ich befürchte jedoch, dass je mehr roboterhafte Kommunikation von der KI ausgeht, desto weniger Vertrauen bei manchen Patienten entsteht. Mir würde die Diskussion für heute genügen. Bis demnächst!"
,user,Z.P3,Besonders alte Ärzte haben manchmal keine Lust mehr auf Fortbildungen und kein Interesse daran was der derzeitige Stand der Wissenschaft ist. Eine KI hat dieses Problem nicht solange sie immer die neuen Studien und Erkenntnisse gefüttert bekommt.
Z.P3,exp,Z.P3,"Patient*innen haben ein Recht auf die neuesten evidenzbasierten Empfehlungen hinsichtlich ihrer Therapie. Eine KI ist, im Gegensatz zu Ärzt*innen, die sich mühsam weiterbilden müssen, immer auf dem aktuellen Stand der Forschung. Dadurch können neue Behandlungsmethoden schneller eröffnet werden als im konventionelle Medizinbetrieb."
Z.P3,exp,Z.K2,Eine KI kann die Lebensumstände der Patient*innen in die Untersuchung nicht mit einbeziehen. Die konkrete Fragestellung und die gesamte Krankheitssituation der Patient*innen sind jedoch für die Diagnostik und die passende Therapieentscheidung enorm wichtig.
Z.P3,user,FAQ.3,Aber könnte man der KI nicht auch alternative Heilmethoden füttern und sie so viele verschiedene Ideen liefern aus denen der Patient seine passende auswählt?
FAQ.3,exp,Z.K1,"Selbst wenn, ändert das jedoch nichts daran, dass KI in der Medizin dazu führt, dass Patient*innen alleine bleiben, weil sie keine menschliche Zuwendung bekommen. Persönlicher Kontakt mit Ärzt*innen und aufmunternder Zuspruch kann schon zu einer Verbesserung des Zustands beitragen."
Z.K1,user,Z.K7-1,Aber dafür muss man keine teuren Ärzte anstellen. Sondern man kann Sozialpädagogen oder Therapeuten anstellen die sich tatsächlich mit der Psyche auskennen und die richtigen Worte finden können.
Z.K1,user,Z.P7,Oft haben Ärzte überhaupt nicht die Zeit und den Willen Patienten die nötige Zuneigung und Aufmerksamkeit zu geben die ein kranker Mensch benötigt.
Z.K5,user,Z.P7,Ich kenne viele Ärzte die sehr launisch sind und wenig Motivation zeigen sich wirklich um die Therapie zu kümmern und richtige Entscheidungen zu treffen. Sie sind von dem Gesundheitssystem ausgelaugt und versuche eher Geld zu verdienen
Z.P7,exp,Z.K3,Bei Fehlentscheidungen der KI werden sehr hohe Schadensersatzforderungen entstehen und die Hersteller*innen könnten für diese Fehlentscheidungen der KI verantwortlich gemacht werden. Die Anreize für die Hersteller*innen eine KI zu entwickeln würden wegfallen. Das spricht gegen den Einsatz von KI.
Z.K3,user,Z.P7,Aber treffen nicht auch Ärzte oft Fehlentscheidungen? Und gehen wir in diesem Szenario nicht davon aus dass KI nicht genauso gute Ergebnisse liefern wie Ärzte im Durchschnitt?
Z.P7,exp,Z.K3-2,"Fehlerfreie Entscheidungen sind in der Medizin unmöglich. Es geht immer nur darum, möglichst gut zu sein. Wenn, wie in unserem Szenario, eine KI mindestens die gleiche Leistungsfähigkeit wie Fachärzt*innen aufweist, sollte kein Schadenersatz in den Fällen, wo sie Fehler macht, gezahlt werden, da menschliche Ärzt*innen für Fehldiagnosen auch keinen Schadenersatz zahlen müssen außer bei grober Fahrlässigkeit. Wenn allerdings die Rechtsprechung hohen Schadenersatz bei jedem Fehler der KI verlangen würde, würde die KI nicht einsetzbar sein - zum Schaden der Patienten, denen eine bessere Diagnostik vorenthalten wird."
Z.P7,exp,Z.K4,"Probleme der KI sind nicht nur solche anfänglicher Art, sondern vielmehr grundsätzlicher Art, wie Strukturfehler im System. Während Fehler von einzelnen Ärzt*innen gemacht werden, wird eine fehlerhafte KI an zahlreichen Standorten eingesetzt, wodurch Fehler deutlich gravierender ausfallen können."
Z.K2-2,exp,Z.K9,Durch die große Menge gesammelter Daten werden Kliniken interessanter für Cyberangriffe.
Z.K9,user,Z.K9-1,"Ist das nicht ein generelles Problem, für das gute teure Spezialisten angestellt werden? Es müssen definitiv Regelungen existieren die festlegen dass eine Klinik einen guten sicheren Umgang mit den Daten hat."
Z.K9-1,exp,Z.K9-1,"Mit der zunehmenden Digitalisierung, etwa mit Einführung der digitalen Patient*innenakte, müssen sich Kliniken ohnehin stärker gegen Cyberangriffe schützen. Die fertigen Systeme laufen im geschützten Bereich der Klinik und unterliegen dem gleichen Schutz wie Patient*innendaten."
Z.U,user,Z.P2,Es gibt ermüdete Ärzte die überhaupt nicht mehr praktizieren sollten. Die nicht mehr wirklich an dem Wohl ihrer Patienten interessiert sind. Sie machen Fehler und geben diese ungern zu. Dazu kommt dass wenn spontan Probleme bei den Patienten auftreten sie gerne mal faul reagieren und gar nicht gute neue Therapieideen liefern
Z.P2,exp,Z.P2,Die Anwendung einer KI ist standardisiert und reproduzierbar. Sie hängt nicht von den unterschiedlichen Fähigkeiten oder der Tagesform der behandelnden Ärzt*innen ab. Stattdessen liefert sie gleichbleibend gute Ergebnisse und ermüdet im Gegesatz zum menschlichen Gehirn nicht.
,user,Z.P5,"Sollte dies der Fall sein, können Ärzt*innen entlastet werden, wodurch sie mehr Zeit für andere Dinge, wie Forschung, Patientengespräche, etc. haben."
Z.K8,user,Z.K10-1,"Naja das ist schwierig. Man könnte es aufteilen, die KI stellt Diagnosen und ein Mensch übermittelt diese dann auf empathische Weiße"
NZ.U,exp,Z.K9,"Wenn Menschen, wie vorgeschlagen, die Diagnose übermitteln, würde die Zeitersparnis wieder geringer werden. Was sagst du dazu: Durch die große Menge gesammelter Daten werden Kliniken interessanter für Cyberangriffe."
Z.K9,user,Z.K9-1,allerdings wird das ebenfalls in vielen Branchen der Fall sein. Krankenhäuser oder allgemein das Gesundheitssystem müssen viel in IT-Sicherheit investieren.
Z.U,exp,Z.K3,Das wäre hinsichtlich einer besseren Patientenversorgung sicherlich wünschenswert. Im Rahmen der Kosten ist auch dies wichtig: Bei Fehlentscheidungen der KI werden sehr hohe Schadensersatzforderungen entstehen und die Hersteller*innen könnten für diese Fehlentscheidungen der KI verantwortlich gemacht werden. Die Anreize für die Hersteller*innen eine KI zu entwickeln würden wegfallen.
Z.K3,user,Z.K11-1,"Menschen können zudem auch Fehler unterlaufen und wegen Schönheitsfehler verklagt werden. Es ist wichtig, dass die KI mehr als ausreichend viele Tests und Prüfungen bestehen muss vor ihrer Zulassung."
Z.K11-1,exp,Z.P3,"Das sind gute Argumente. Darüber hinaus spricht auch das für die Zulassung einer KI: Patient*innen haben ein Recht auf die neuesten evidenzbasierten Empfehlungen hinsichtlich ihrer Therapie. Eine KI ist, im Gegensatz zu Ärzt*innen, die sich mühsam weiterbilden müssen, immer auf dem aktuellen Stand der Forschung. Dadurch können neue Behandlungsmethoden schneller eröffnet werden als im konventionelle Medizinbetrieb."
NZ.U,exp,Z.P1,"Eine KI wäre rund um die Uhr erreichbar; in der Nacht oder am Wochenende, wenn auch nur in einer Notbesetzung mit medizinischem Hilfspersonal. Das ließe sich ohne KI sonst nur in großen Kliniken sicherstellen und wäre auf dem Land nicht möglich."
NZ.U,exp,Z.K10-1,"In unserem Szenario werden die Menschen in Untersuchungszentren durch medizinisches Personal krankheitsbedingt untersucht. Die Ergebnisse werden von der KI ausgewertet und anhand dessen Diagnosen und therapeutische Entscheidungen getroffen. Es ist davon auszugehen, dass das Vertrauen der Patient*innen mit steigender Leistung der KI sichtlich steigen wird, zumal besonders schwierige Fälle an Kompetenzzentren mit den besten Fachärzt*innen überwiesen werden."
Z.K10-1,user,Z.P5,"Ich vermute, dass in einem fortgeschrittenen Stadium eine KI die kosten verringern wird, da sie die Arbeit von mehr Menschen übernehmen kann, als neuer Arbeitsaufwand durch sie entsteht."
Z.P5,exp,Z.P5,"Der Einsatz von KI ist unter mehreren Gesichtspunkten kostengünstiger. Es können unter anderem Personalkosten eingespart werden, wenn die KI Arbeiten von Ärzt*innen übernehmen kann. Durch die vielseitigen Vorteile des Einsatzes von KI könnte eine qualitätsgesicherte Patientenversorgung bei zugleich hoher Wirtschaftlichkeit erreicht werden."
Z.P5,exp,Z.K5,"Bei der Diagnostik und Therapieentscheidung sind die Erklärungen der Ergebnisse wichtig, da letztlich die Patient*innen ihrer Therapie zustimmen müssen. Eine KI tut sich schwer eine auf das intellektuelle Niveau der Patient*innen angepasste Erklärung zu liefern."
Z.P5,user,NZ.K10,"Daher darf sich nicht rein auf die KI verlassen werden. Es müssen weiterhin ausreichend Ärzt*innen vorhanden sein, die sich um die Patientenkommunikation kümmern können."
,user,Z.GK1,"Ich bin mir nicht sicher, in wie weit KI schon moralisch genug sind, um über Leben zu entscheiden."
Z.GK1,exp,Z.P2,Die Anwendung einer KI ist standardisiert und reproduzierbar. Sie hängt nicht von den unterschiedlichen Fähigkeiten oder der Tagesform der behandelnden Ärzt*innen ab. Stattdessen liefert sie gleichbleibend gute Ergebnisse und ermüdet im Gegesatz zum menschlichen Gehirn nicht.
nz_trans_1,user,Z.K2,"Das ist richtig, aber ich kann mir einfach noch nicht vorstellen, dass die KI auch menschliche Entscheidungen treffen kann. Ich weiß, dass KI's irgendwann so spezialisiert sind, das sie die gleichen fachlichen Fähigkeiten wie Ärzt*innen haben. Aber wie steht es um den Menschen, dessen Leben und dessen Geschichte. Ich finde, die KI sollte als Unterstützung der Ärzt*innen da sein, aber diese nie ersetzen"
Z.K2,exp,Z.K10-1,"In unserem Szenario werden die Menschen in Untersuchungszentren durch medizinisches Personal krankheitsbedingt untersucht. Die Ergebnisse werden von der KI ausgewertet und anhand dessen Diagnosen und therapeutische Entscheidungen getroffen. Es ist davon auszugehen, dass das Vertrauen der Patient*innen mit steigender Leistung der KI sichtlich steigen wird, zumal besonders schwierige Fälle an Kompetenzzentren mit den besten Fachärzt*innen überwiesen werden."
Z.K10-1,user,NZ.K10,"Solange wie die therapeutischen Entscheidungen nochmal vom medizinischen Personal geprüft wird und nicht blind durchgereicht wird, bin ich vollkommen dafür, dass die KI unterstützen sollte. Vielleicht werden dadurch sogar menschliche Fehler, die nun mal passieren können, minimiert"
NZ.K10,exp,Z.K1,"KI in der Medizin führt dazu, dass Patient*innen alleine bleiben, weil sie keine menschliche Zuwendung bekommen. Persönlicher Kontakt mit Ärzt*innen und aufmunternder Zuspruch kann schon zu einer Verbesserung des Zustands beitragen."
Z.U,exp,Z.P4,"In vielen medizinischen Bereichen übersteigt die Nachfrage an Fachpersonal das Angebot, da ärztliche Leistungen immer mehr in Anspruch genommen werden. Gerade durch das Altern der sogenannten Babyboomer, sprich Menschen der geburtenstarken Jahrgänge von 1955 bis 1969, wird es zu einem vorübergehend ansteigenden Versorgungsbedarf kommen. Die KI kann für Abhilfe sorgen und mithilfe ihres Einsatzes auch dem demografischen Wandel in ländlichen Regionen begegnen. Dieser zeigt sich unter anderem ebenfalls im Mangel von Ärzt*innen in diesen Gebieten."
Z.U,exp,Z.K3,Bei Fehlentscheidungen der KI werden sehr hohe Schadensersatzforderungen entstehen und die Hersteller*innen könnten für diese Fehlentscheidungen der KI verantwortlich gemacht werden. Die Anreize für die Hersteller*innen eine KI zu entwickeln würden wegfallen.
Z.P4,user,Z.K3-2,"Ich denke, dass das kein Problem sein wird. In Deutschland sichert sich jeder mehrfach ab. Ich denke, dass der Patient mithilfe eines Videos oder eines Schriftstücks darüber aufgeklärt wird, wie die KI funktioniert, wie sie entscheidet usw. Dann muss der Patient sicherlich eine Einverständniserklärung unterschreiben, dass es Risiken bei der Behandlung durch eine KI geben könnte und dass diese Risiken bei x Prozent liegen und dann ist gut. Das Gleiche muss man jetzt schon bei jeder Impfung machen und darum gibt es ja die Nebenwirkungswarnungen bei Medikamenten. Das wird sich denke ich bei KI's auch so einspielen. Und dann wird es irgendwann ganz normal sein."
Z.K3-2,exp,Z.K4,"Probleme der KI sind nicht nur solche anfänglicher Art, sondern vielmehr grundsätzlicher Art, wie Strukturfehler im System. Während Fehler von einzelnen Ärzt*innen gemacht werden, wird eine fehlerhafte KI an zahlreichen Standorten eingesetzt, wodurch Fehler deutlich gravierender ausfallen können."
Z.K4,user,NZ.K10,"Deswegen bin ich der Meinung, ein KI sollte niemals so mächtige Entscheidungen ohne Ärzt*innen treffen dürfen, wodurch die KI zu Rechenschaft gezogen werden könnte."
Z.K4,user,FAQ.2,"Die Frage ist doch auch, über welchen Zeitraum sprechen wir hier? Wie lang muss eine KI lernen, um ""perfekte"" Aussagen treffen zu können. Wie lange wird diese Entscheidungen durch Menschen geprüft, bis man sie allein arbeiten lassen kann. Ich denke, dass wir da über Jahrzehnte sprechen."
Z.K4,user,Z.K12-1,"Und wir sprechen dann über Generationen, die nichts mit KI anfangen können. Irgendwann gibt es diese Generation nicht mehr und die nächste Generation, welche diesem Thema offen gegenüber ist, wird sich von der KI behandeln lassen müssen. Und da wird das Verständnis größer sein."
FAQ.2,exp,Z.K4-1,Auch anfängliche Strukturfehler können behoben werden. Unter anderem können durch ein zentrales Meldesystem Fehler schnell gesammlt und zur Verbesserung verwendet werden.
nz_trans_1,user,Z.K10,"Das hatte ich auch gemeint. Die KI wird mit der Zeit immer mehr lernen und dadurch die Fehler gegen Null minimieren. Trotzdem muss die KI in der Gesellschaft akzeptiert werden um zu einer ärztlichen Zulassung zugelassen zu werden. Und bis dahin ist es noch ein weiter Weg. Und dafür muss auch das Verständnis, was eine KI ist und was sie tut, in der Gesellschaft ankommen."
Z.K10,exp,Z.P3,"Patient*innen haben ein Recht auf die neuesten evidenzbasierten Empfehlungen hinsichtlich ihrer Therapie. Eine KI ist, im Gegensatz zu Ärzt*innen, die sich mühsam weiterbilden müssen, immer auf dem aktuellen Stand der Forschung. Dadurch können neue Behandlungsmethoden schneller eröffnet werden als im konventionelle Medizinbetrieb."
Z.P3,user,NZ.K10,Das finde ich klasse und da bin ich komplett dafür. In dieser Funktion ist die KI aber meiner Meinung nach ein Helfer für die Ärzt*innen. Ich würde es in diesem Fall mit einer hochintelligenten Wissensquelle für Ärzt*innen vergleichen. Aber muss dann wirklich auch die KI die endgültige Entscheidung treffen? Die Entscheidung können doch dann die Ärzt*innen mit dem so erlangten Wissen treffen.
NZ.K10,exp,FAQ.G1,"Verfügbar ist die KI ausschließlich in Untersuchungszentren, in denen medizinisches Fachpersonal die Behandlungsdaten erfasst. Sie kann mit Patient*innen in natürlicher Sprache kommunizieren und fordert ggf. weitere technische Untersuchungen an. Nur in besonders schwierigen Fällen werden Fälle an Kompetenzzentren mit den besten Fachärzt*innen überwiesen. Die Fachärtzt*innen und Informatiker*innen dieser Kompetenzzentren übernehmen ebenfalls die Weiterentwicklung und Überwachung der KI."
FAQ.G1,user,FAQ.1,"Ok, ich verstehe. Es ist schwer für mich, jetzt zu verstehen, wie die KI in diesen Untersuchungen an verlässliche Daten kommt. Schon wenn es darum geht, dass die Patient*innen ihre Beschwerden beschreiben sollen und die KI diese entgegennimmt, schleichen sich meiner Meinung nach zu viele mögliche Fehler ein. Jeder Mensch nimmt jede Krankheit ein wenig anderes wahr. Ich kann mir im Moment nur Vorstellen, dass die KI mit richtigen Daten arbeiten kann wie Blutbilder, Daten aus Urinproben usw. Weiter kann ich mir das einfach noch nicht vorstellen."
FAQ.1,exp,Z.P6,"Für die KI spricht, dass sie angeben kann, mit welcher Wahrscheinlichkeit sie von dem Vorliegen der diagnostizierten Krankheit ausgeht."
,user,Z.K2,"Hallo Wall-E, ich bin gegen dieses Szenario. Patienten sind deutlich vielschichtiger, als dass es ein Computer/eine KI in ausreichendem Maße jemals erfassen könnte (meiner Meinung nach). Man nehme beispielsweise Patienten, die wegen erfundener oder auch vorgezogener Gründe eine Notaufnahme besuchen. Ein häuslicher Sturz/starke Schmerzen/ angebliche Symptome. Auch diese Menschen haben Probleme, derer man sich annehmen muss. Aber es sind vielleicht nicht die Schmerzen in der Hüfte, die den alleine wohnenden 80-Jährigen beschäftigen, sondern dass er in Wahrheit nicht zuhause zurecht kommt. Oder aber die wiederkehrenden Bluthochdruckkrisen der über 70-Järhigen älteren Dame, die nicht auf eine tiefergehende zu diagnostizierende Ursache zurückzuführen sind, sondern darauf, dass die Medikamenteneinnahme nicht richtig durchgeführt wird, da sie die Tabletten nicht auseinander halten kann. Ein weiteres Beispiel ist der aufgeschürfte/geprellte Ellenbogen einer jungen Frau, der nach einem Röntgenbild keiner weiteren Behandlung bedarf, während die Frau aber auch Prellungen im Gesicht und anderswo hat, die sie zu verstecken sucht, und eine Gewalttat andeuten. Eine KI könnte auf die geschilderten Symptome achten, daraus Schlussfolgerungen ziehen (der verletzte Ellenbogen muss untersucht werden) und dabei den Rest übersehen."
Z.P2,user,Z.K2,"Ich möchte nochmal auf mein erste These und deine Antwort darauf eingehen: Ich finde, dass mein Argument zur Bedeutung der sozialen Hintergründe im individuellen Krankheitsfall nicht ausreichend durch die Aussage ""Krankheitsbilder seien ähnlich"" zusammengefasst wird. Vielmehr ist es eben genau der (feine) Unterschied zwischen den einzelnen Fällen und den Ausprägungen der Krankheitsbilder, der die Schwierigkeiten ausmacht."
Z.P2,user,Z.P2,"Nun zu deinem neuen Argument: Du hast Recht, wenn du sagst der Mensch ermüdet und ist zu unterschiedlichen Tageszeiten unterschiedlich leistungsfähig."
Z.P2,user,Z.P4,"Dies wirft das Augenmerk aber eher auf das aktuelle Problem des Gesundheitssystem, in dem aus ökonomischen Gründen Ärzte an und über ihre Belastungsgrenzen getrieben werden, keine einheitlichen Ausbildungskonzepte vorliegen oder eingehalten werden und ein genereller Ärztemangel herrscht. Dadurch wird nicht sichergestellt wird, dass die optimalen Voraussetzungen für die ärztliche Entscheidungsfindung gegeben sind."
Z.K2,exp,Z.K5-1,"Die Erklärungen der KI werden für die Mehrzahl der Patient*innen ausreichend gut sein, auch wenn die meisten Ärtz*innen wahrscheinlich besser auf Patient*innen eingehen können. Häufig unterbleibt dies jedoch aus Zeitmangel. In unserem Szenario sollte medizinisches Personal der Untersuchungszentren die Diagnosen und Therapien der KI auf Wunsch der Patient*innen erläutern können."
Z.K5-1,user,Z.K5,"Dass es über die Behandlung hinausreichende Erklärungen zu Diagnostik und Therapie geben soll, finde ich begrüßenswert. Doch sehe ich hier eher eine Aufgabe, die durch die KI durchgeführt werden kann."
Z.K5,exp,Z.P4-1,Es erscheint jedoch vorzugswürdig dem Mangel von Ärzt*innen in ländlichen Regionen mithilfe anderweitiger Investitionen vorzubeugen.
Z.K5,user,NZ.K10,"Ja, das ist einleuchtend. Insofern stimme ich dir zu, dass Erläuterungen von Menschen erbracht werden sollten. Aber meiner Meinung nach ist dies Aufgabe der Ärzte. Medizinisches Hilfspersonal kann Erklärungen und Entscheidungswege nur bis zu einem gewissen Grad geben. Dieser individuell unterschiedlich und hängt von der Erfahrung und der Ausbildung des medizinischen Hilfspersonal ab, weswegen es idealerweise die Ärzte sein sollten, die die Erklärungen liefern, oder aber über die Delegation dieser Aufgabe entscheiden. Weiterhin sehe ich auch bei der Entscheidungsfindung die Ärzte in der Pflicht. Eine KI kann aufgrund ihrer Struktur jegliches medizinisches Wissen zugleich bereitstellen, sollte jedoch in meinen Augen eher als ""Werkzeug"" gesehen werden, das von Ärzten täglich angewandt wird. Zum Beispiel in dem es alle Entscheidungsmöglichkeiten auflistet die theoretisch denkbar sind, diese werden dann von Arzt/Ärztin gefiltert/sortiert/ergänzt (man denke an ""Off-label-Use"") und so dem Patienten zur gemeinsamen Entscheidungsfindung präsentiert."
Z.U,exp,Z.K10-1,"In unserem Szenario werden die Menschen in Untersuchungszentren durch medizinisches Personal krankheitsbedingt untersucht. Die Ergebnisse werden von der KI ausgewertet und anhand dessen Diagnosen und therapeutische Entscheidungen getroffen. Es ist davon auszugehen, dass das Vertrauen der Patient*innen mit steigender Leistung der KI sichtlich steigen wird, zumal besonders schwierige Fälle an Kompetenzzentren mit den besten Fachärzt*innen überwiesen werden."
